id	title
shopify_JP_8615901069562_50231644553466	folklore Clear ver. フォークロア｜ウロコのようなギターストラップ（全長約115cm）
shopify_JP_8615901069562_46634547806458	folklore Clear ver. フォークロア｜ウロコのようなギターストラップ（全長約55cm）
shopify_JP_8615901069562_50231643930874	folklore Clear ver. フォークロア｜ウロコのようなギターストラップ（全長約55cm）／名入れ刻印あり
shopify_JP_8615901069562_50231643963642	folklore Clear ver. フォークロア｜ウロコのようなギターストラップ（全長約61cm）
shopify_JP_8615901069562_50231643996410	folklore Clear ver. フォークロア｜ウロコのようなギターストラップ（全長約61cm）／名入れ刻印あり
shopify_JP_8615901069562_50231644029178	folklore Clear ver. フォークロア｜ウロコのようなギターストラップ（全長約67cm）
shopify_JP_8615901069562_50231644061946	folklore Clear ver. フォークロア｜ウロコのようなギターストラップ（全長約67cm）／名入れ刻印あり
shopify_JP_8615901069562_50231644094714	folklore Clear ver. フォークロア｜ウロコのようなギターストラップ（全長約73cm）
shopify_JP_8615901069562_50231644127482	folklore Clear ver. フォークロア｜ウロコのようなギターストラップ（全長約73cm）／名入れ刻印あり
shopify_JP_8615901069562_50231644160250	folklore Clear ver. フォークロア｜ウロコのようなギターストラップ（全長約79cm）
shopify_JP_8615901069562_50231644193018	folklore Clear ver. フォークロア｜ウロコのようなギターストラップ（全長約79cm）／名入れ刻印あり
shopify_JP_8615901069562_50231644225786	folklore Clear ver. フォークロア｜ウロコのようなギターストラップ（全長約85cm）
shopify_JP_8615901069562_50231644258554	folklore Clear ver. フォークロア｜ウロコのようなギターストラップ（全長約85cm）／名入れ刻印あり
shopify_JP_8615901069562_50231644291322	folklore Clear ver. フォークロア｜ウロコのようなギターストラップ（全長約91cm）
shopify_JP_8615901069562_50231644324090	folklore Clear ver. フォークロア｜ウロコのようなギターストラップ（全長約91cm）／名入れ刻印あり
shopify_JP_8615901069562_50231644356858	folklore Clear ver. フォークロア｜ウロコのようなギターストラップ（全長約97cm）
shopify_JP_8615901069562_50231644389626	folklore Clear ver. フォークロア｜ウロコのようなギターストラップ（全長約97cm）／名入れ刻印あり
shopify_JP_8615901069562_50231644422394	folklore Clear ver. フォークロア｜ウロコのようなギターストラップ（全長約103cm）
shopify_JP_8615901069562_50231644455162	folklore Clear ver. フォークロア｜ウロコのようなギターストラップ（全長約103cm）／名入れ刻印あり
shopify_JP_8615901069562_50231644487930	folklore Clear ver. フォークロア｜ウロコのようなギターストラップ（全長約109cm）
shopify_JP_8615901069562_50231644520698	folklore Clear ver. フォークロア｜ウロコのようなギターストラップ（全長約109cm）／名入れ刻印あり
shopify_JP_8615901069562_50231644586234	folklore Clear ver. フォークロア｜ウロコのようなギターストラップ（全長約115cm）／名入れ刻印あり
shopify_JP_8615901069562_50231644619002	folklore Clear ver. フォークロア｜ウロコのようなギターストラップ（全長約121cm）
shopify_JP_8615901069562_50231644651770	folklore Clear ver. フォークロア｜ウロコのようなギターストラップ（全長約121cm）／名入れ刻印あり
shopify_JP_8615901069562_50231644684538	folklore Clear ver. フォークロア｜ウロコのようなギターストラップ（全長約127cm）
shopify_JP_8615901069562_50231644717306	folklore Clear ver. フォークロア｜ウロコのようなギターストラップ（全長約127cm）／名入れ刻印あり
shopify_JP_8615901069562_50231644750074	folklore Clear ver. フォークロア｜ウロコのようなギターストラップ（全長約133cm）
shopify_JP_8615901069562_50231644782842	folklore Clear ver. フォークロア｜ウロコのようなギターストラップ（全長約133cm）／名入れ刻印あり
shopify_JP_8615901069562_50231644815610	folklore Clear ver. フォークロア｜ウロコのようなギターストラップ（全長約139cm）
shopify_JP_8615901069562_50231644848378	folklore Clear ver. フォークロア｜ウロコのようなギターストラップ（全長約139cm）／名入れ刻印あり
shopify_JP_8615901069562_50231644881146	folklore Clear ver. フォークロア｜ウロコのようなギターストラップ（全長約145cm）
shopify_JP_8615901069562_50231645110522	folklore Clear ver. フォークロア｜ウロコのようなギターストラップ（全長約145cm）／名入れ刻印あり
shopify_JP_8615901069562_50231645143290	folklore Clear ver. フォークロア｜ウロコのようなギターストラップ（全長約151cm）
shopify_JP_8615901069562_50231645176058	folklore Clear ver. フォークロア｜ウロコのようなギターストラップ（全長約151cm）／名入れ刻印あり
shopify_JP_8615901069562_50231645208826	folklore Clear ver. フォークロア｜ウロコのようなギターストラップ（全長約157cm）
shopify_JP_8615901069562_50231645241594	folklore Clear ver. フォークロア｜ウロコのようなギターストラップ（全長約157cm）／名入れ刻印あり
shopify_JP_8615901069562_50231645274362	folklore Clear ver. フォークロア｜ウロコのようなギターストラップ（全長約163cm）
shopify_JP_8615901069562_50231645307130	folklore Clear ver. フォークロア｜ウロコのようなギターストラップ（全長約163cm）／名入れ刻印あり
shopify_JP_8615901069562_50231645339898	folklore Clear ver. フォークロア｜ウロコのようなギターストラップ（全長約169cm）
shopify_JP_8615901069562_50231645372666	folklore Clear ver. フォークロア｜ウロコのようなギターストラップ（全長約169cm）／名入れ刻印あり
shopify_JP_8615901069562_50231645405434	folklore Clear ver. フォークロア｜ウロコのようなギターストラップ（全長約175cm）
shopify_JP_8615901069562_50231645438202	folklore Clear ver. フォークロア｜ウロコのようなギターストラップ（全長約175cm）／名入れ刻印あり
shopify_JP_8615901135098_50230586573050	folklore フォークロア｜ウロコのようなギターストラップ（全長約115cm）
shopify_JP_8615901135098_46634547904762	folklore フォークロア｜ウロコのようなギターストラップ（全長約55cm）
shopify_JP_8615901135098_50230585950458	folklore フォークロア｜ウロコのようなギターストラップ（全長約55cm）／名入れ刻印あり
shopify_JP_8615901135098_50230585983226	folklore フォークロア｜ウロコのようなギターストラップ（全長約61cm）
shopify_JP_8615901135098_50230586015994	folklore フォークロア｜ウロコのようなギターストラップ（全長約61cm）／名入れ刻印あり
shopify_JP_8615901135098_50230586048762	folklore フォークロア｜ウロコのようなギターストラップ（全長約67cm）
shopify_JP_8615901135098_50230586081530	folklore フォークロア｜ウロコのようなギターストラップ（全長約67cm）／名入れ刻印あり
shopify_JP_8615901135098_50230586114298	folklore フォークロア｜ウロコのようなギターストラップ（全長約73cm）
shopify_JP_8615901135098_50230586147066	folklore フォークロア｜ウロコのようなギターストラップ（全長約73cm）／名入れ刻印あり
shopify_JP_8615901135098_50230586179834	folklore フォークロア｜ウロコのようなギターストラップ（全長約79cm）
shopify_JP_8615901135098_50230586212602	folklore フォークロア｜ウロコのようなギターストラップ（全長約79cm）／名入れ刻印あり
shopify_JP_8615901135098_50230586245370	folklore フォークロア｜ウロコのようなギターストラップ（全長約85cm）
shopify_JP_8615901135098_50230586278138	folklore フォークロア｜ウロコのようなギターストラップ（全長約85cm）／名入れ刻印あり
shopify_JP_8615901135098_50230586310906	folklore フォークロア｜ウロコのようなギターストラップ（全長約91cm）
shopify_JP_8615901135098_50230586343674	folklore フォークロア｜ウロコのようなギターストラップ（全長約91cm）／名入れ刻印あり
shopify_JP_8615901135098_50230586376442	folklore フォークロア｜ウロコのようなギターストラップ（全長約97cm）
shopify_JP_8615901135098_50230586409210	folklore フォークロア｜ウロコのようなギターストラップ（全長約97cm）／名入れ刻印あり
shopify_JP_8615901135098_50230586441978	folklore フォークロア｜ウロコのようなギターストラップ（全長約103cm）
shopify_JP_8615901135098_50230586474746	folklore フォークロア｜ウロコのようなギターストラップ（全長約103cm）／名入れ刻印あり
shopify_JP_8615901135098_50230586507514	folklore フォークロア｜ウロコのようなギターストラップ（全長約109cm）
shopify_JP_8615901135098_50230586540282	folklore フォークロア｜ウロコのようなギターストラップ（全長約109cm）／名入れ刻印あり
shopify_JP_8615901135098_50230586605818	folklore フォークロア｜ウロコのようなギターストラップ（全長約115cm）／名入れ刻印あり
shopify_JP_8615901135098_50230586638586	folklore フォークロア｜ウロコのようなギターストラップ（全長約121cm）
shopify_JP_8615901135098_50230586671354	folklore フォークロア｜ウロコのようなギターストラップ（全長約121cm）／名入れ刻印あり
shopify_JP_8615901135098_50230586704122	folklore フォークロア｜ウロコのようなギターストラップ（全長約127cm）
shopify_JP_8615901135098_50230586736890	folklore フォークロア｜ウロコのようなギターストラップ（全長約127cm）／名入れ刻印あり
shopify_JP_8615901135098_50230586769658	folklore フォークロア｜ウロコのようなギターストラップ（全長約133cm）
shopify_JP_8615901135098_50230586802426	folklore フォークロア｜ウロコのようなギターストラップ（全長約133cm）／名入れ刻印あり
shopify_JP_8615901135098_50230586835194	folklore フォークロア｜ウロコのようなギターストラップ（全長約139cm）
shopify_JP_8615901135098_50230586867962	folklore フォークロア｜ウロコのようなギターストラップ（全長約139cm）／名入れ刻印あり
shopify_JP_8615901135098_50230586900730	folklore フォークロア｜ウロコのようなギターストラップ（全長約145cm）
shopify_JP_8615901135098_50230586933498	folklore フォークロア｜ウロコのようなギターストラップ（全長約145cm）／名入れ刻印あり
shopify_JP_8615901135098_50230586966266	folklore フォークロア｜ウロコのようなギターストラップ（全長約151cm）
shopify_JP_8615901135098_50230586999034	folklore フォークロア｜ウロコのようなギターストラップ（全長約151cm）／名入れ刻印あり
shopify_JP_8615901135098_50230587031802	folklore フォークロア｜ウロコのようなギターストラップ（全長約157cm）
shopify_JP_8615901135098_50230587064570	folklore フォークロア｜ウロコのようなギターストラップ（全長約157cm）／名入れ刻印あり
shopify_JP_8615901135098_50230587097338	folklore フォークロア｜ウロコのようなギターストラップ（全長約163cm）
shopify_JP_8615901135098_50230587130106	folklore フォークロア｜ウロコのようなギターストラップ（全長約163cm）／名入れ刻印あり
shopify_JP_8615901135098_50230587162874	folklore フォークロア｜ウロコのようなギターストラップ（全長約169cm）
shopify_JP_8615901135098_50230587195642	folklore フォークロア｜ウロコのようなギターストラップ（全長約169cm）／名入れ刻印あり
shopify_JP_8615901135098_50230587228410	folklore フォークロア｜ウロコのようなギターストラップ（全長約175cm）
shopify_JP_8615901135098_50230587261178	folklore フォークロア｜ウロコのようなギターストラップ（全長約175cm）／名入れ刻印あり
shopify_JP_8615901364474_50231078912250	kolmio for ukulele コルミオ｜ウロコのようなウクレレストラップ（全長約97cm）
shopify_JP_8615901364474_46634548265210	kolmio for ukulele コルミオ｜ウロコのようなウクレレストラップ（全長約69cm）
shopify_JP_8615901364474_50231078387962	kolmio for ukulele コルミオ｜ウロコのようなウクレレストラップ（全長約69cm）／名入れ刻印あり
shopify_JP_8615901364474_50231078420730	kolmio for ukulele コルミオ｜ウロコのようなウクレレストラップ（全長約69cm）／ギターストラップ仕様（厚革）
shopify_JP_8615901364474_50231078453498	kolmio for ukulele コルミオ｜ウロコのようなウクレレストラップ（全長約69cm）／名入れ刻印あり／ギターストラップ仕様（厚革）
shopify_JP_8615901364474_50231078486266	kolmio for ukulele コルミオ｜ウロコのようなウクレレストラップ（全長約76cm）
shopify_JP_8615901364474_50231078519034	kolmio for ukulele コルミオ｜ウロコのようなウクレレストラップ（全長約76cm）／名入れ刻印あり
shopify_JP_8615901364474_50231078551802	kolmio for ukulele コルミオ｜ウロコのようなウクレレストラップ（全長約76cm）／ギターストラップ仕様（厚革）
shopify_JP_8615901364474_50231078584570	kolmio for ukulele コルミオ｜ウロコのようなウクレレストラップ（全長約76cm）／名入れ刻印あり／ギターストラップ仕様（厚革）
shopify_JP_8615901364474_50231078617338	kolmio for ukulele コルミオ｜ウロコのようなウクレレストラップ（全長約83cm）
shopify_JP_8615901364474_50231078650106	kolmio for ukulele コルミオ｜ウロコのようなウクレレストラップ（全長約83cm）／名入れ刻印あり
shopify_JP_8615901364474_50231078682874	kolmio for ukulele コルミオ｜ウロコのようなウクレレストラップ（全長約83cm）／ギターストラップ仕様（厚革）
shopify_JP_8615901364474_50231078748410	kolmio for ukulele コルミオ｜ウロコのようなウクレレストラップ（全長約83cm）／名入れ刻印あり／ギターストラップ仕様（厚革）
shopify_JP_8615901364474_50231078781178	kolmio for ukulele コルミオ｜ウロコのようなウクレレストラップ（全長約90cm）
shopify_JP_8615901364474_50231078813946	kolmio for ukulele コルミオ｜ウロコのようなウクレレストラップ（全長約90cm）／名入れ刻印あり
shopify_JP_8615901364474_50231078846714	kolmio for ukulele コルミオ｜ウロコのようなウクレレストラップ（全長約90cm）／ギターストラップ仕様（厚革）
shopify_JP_8615901364474_50231078879482	kolmio for ukulele コルミオ｜ウロコのようなウクレレストラップ（全長約90cm）／名入れ刻印あり／ギターストラップ仕様（厚革）
shopify_JP_8615901364474_50231078945018	kolmio for ukulele コルミオ｜ウロコのようなウクレレストラップ（全長約97cm）／名入れ刻印あり
shopify_JP_8615901364474_50231078977786	kolmio for ukulele コルミオ｜ウロコのようなウクレレストラップ（全長約97cm）／ギターストラップ仕様（厚革）
shopify_JP_8615901364474_50231079010554	kolmio for ukulele コルミオ｜ウロコのようなウクレレストラップ（全長約97cm）／名入れ刻印あり／ギターストラップ仕様（厚革）
shopify_JP_8615901364474_50231079043322	kolmio for ukulele コルミオ｜ウロコのようなウクレレストラップ（全長約104cm）
shopify_JP_8615901364474_50231079108858	kolmio for ukulele コルミオ｜ウロコのようなウクレレストラップ（全長約104cm）／名入れ刻印あり
shopify_JP_8615901364474_50231079141626	kolmio for ukulele コルミオ｜ウロコのようなウクレレストラップ（全長約104cm）／ギターストラップ仕様（厚革）
shopify_JP_8615901364474_50231079174394	kolmio for ukulele コルミオ｜ウロコのようなウクレレストラップ（全長約104cm）／名入れ刻印あり／ギターストラップ仕様（厚革）
shopify_JP_8615901364474_50231079207162	kolmio for ukulele コルミオ｜ウロコのようなウクレレストラップ（全長約111cm）
shopify_JP_8615901364474_50231079239930	kolmio for ukulele コルミオ｜ウロコのようなウクレレストラップ（全長約111cm）／名入れ刻印あり
shopify_JP_8615901364474_50231079272698	kolmio for ukulele コルミオ｜ウロコのようなウクレレストラップ（全長約111cm）／ギターストラップ仕様（厚革）
shopify_JP_8615901364474_50231079305466	kolmio for ukulele コルミオ｜ウロコのようなウクレレストラップ（全長約111cm）／名入れ刻印あり／ギターストラップ仕様（厚革）
shopify_JP_8615901364474_50231079338234	kolmio for ukulele コルミオ｜ウロコのようなウクレレストラップ（全長約118cm）
shopify_JP_8615901364474_50231079371002	kolmio for ukulele コルミオ｜ウロコのようなウクレレストラップ（全長約118cm）／名入れ刻印あり
shopify_JP_8615901364474_50231079403770	kolmio for ukulele コルミオ｜ウロコのようなウクレレストラップ（全長約118cm）／ギターストラップ仕様（厚革）
shopify_JP_8615901364474_50231079502074	kolmio for ukulele コルミオ｜ウロコのようなウクレレストラップ（全長約118cm）／名入れ刻印あり／ギターストラップ仕様（厚革）
shopify_JP_8615901364474_50231079534842	kolmio for ukulele コルミオ｜ウロコのようなウクレレストラップ（全長約125cm）
shopify_JP_8615901364474_50231079567610	kolmio for ukulele コルミオ｜ウロコのようなウクレレストラップ（全長約125cm）／名入れ刻印あり
shopify_JP_8615901364474_50231079600378	kolmio for ukulele コルミオ｜ウロコのようなウクレレストラップ（全長約125cm）／ギターストラップ仕様（厚革）
shopify_JP_8615901364474_50231079633146	kolmio for ukulele コルミオ｜ウロコのようなウクレレストラップ（全長約125cm）／名入れ刻印あり／ギターストラップ仕様（厚革）
shopify_JP_8615901364474_50231079665914	kolmio for ukulele コルミオ｜ウロコのようなウクレレストラップ（全長約132cm）
shopify_JP_8615901364474_50231079698682	kolmio for ukulele コルミオ｜ウロコのようなウクレレストラップ（全長約132cm）／名入れ刻印あり
shopify_JP_8615901364474_50231079731450	kolmio for ukulele コルミオ｜ウロコのようなウクレレストラップ（全長約132cm）／ギターストラップ仕様（厚革）
shopify_JP_8615901364474_50231079764218	kolmio for ukulele コルミオ｜ウロコのようなウクレレストラップ（全長約132cm）／名入れ刻印あり／ギターストラップ仕様（厚革）
shopify_JP_8615901364474_50231079796986	kolmio for ukulele コルミオ｜ウロコのようなウクレレストラップ（全長約139cm）
shopify_JP_8615901364474_50231079895290	kolmio for ukulele コルミオ｜ウロコのようなウクレレストラップ（全長約139cm）／名入れ刻印あり
shopify_JP_8615901364474_50231079928058	kolmio for ukulele コルミオ｜ウロコのようなウクレレストラップ（全長約139cm）／ギターストラップ仕様（厚革）
shopify_JP_8615901364474_50231079960826	kolmio for ukulele コルミオ｜ウロコのようなウクレレストラップ（全長約139cm）／名入れ刻印あり／ギターストラップ仕様（厚革）
shopify_JP_8615901364474_50231079993594	kolmio for ukulele コルミオ｜ウロコのようなウクレレストラップ（全長約146cm）
shopify_JP_8615901364474_50231080026362	kolmio for ukulele コルミオ｜ウロコのようなウクレレストラップ（全長約146cm）／名入れ刻印あり
shopify_JP_8615901364474_50231080059130	kolmio for ukulele コルミオ｜ウロコのようなウクレレストラップ（全長約146cm）／ギターストラップ仕様（厚革）
shopify_JP_8615901364474_50231080091898	kolmio for ukulele コルミオ｜ウロコのようなウクレレストラップ（全長約146cm）／名入れ刻印あり／ギターストラップ仕様（厚革）
shopify_JP_8615901364474_50231080124666	kolmio for ukulele コルミオ｜ウロコのようなウクレレストラップ（全長約153cm）
shopify_JP_8615901364474_50231080157434	kolmio for ukulele コルミオ｜ウロコのようなウクレレストラップ（全長約153cm）／名入れ刻印あり
shopify_JP_8615901364474_50231080190202	kolmio for ukulele コルミオ｜ウロコのようなウクレレストラップ（全長約153cm）／ギターストラップ仕様（厚革）
shopify_JP_8615901364474_50231080255738	kolmio for ukulele コルミオ｜ウロコのようなウクレレストラップ（全長約153cm）／名入れ刻印あり／ギターストラップ仕様（厚革）
shopify_JP_8615901855994_50232053039354	Wellington for ukulele Clear ver. ウェリントン｜ウロコのようなウクレレストラップ（全長約97cm）
shopify_JP_8615901855994_46634549739770	Wellington for ukulele Clear ver. ウェリントン｜ウロコのようなウクレレストラップ（全長約81cm）
shopify_JP_8615901855994_50232052809978	Wellington for ukulele Clear ver. ウェリントン｜ウロコのようなウクレレストラップ（全長約81cm）／名入れ刻印あり
shopify_JP_8615901855994_50232052842746	Wellington for ukulele Clear ver. ウェリントン｜ウロコのようなウクレレストラップ（全長約85cm）
shopify_JP_8615901855994_50232052875514	Wellington for ukulele Clear ver. ウェリントン｜ウロコのようなウクレレストラップ（全長約85cm）／名入れ刻印あり
shopify_JP_8615901855994_50232052908282	Wellington for ukulele Clear ver. ウェリントン｜ウロコのようなウクレレストラップ（全長約89cm）
shopify_JP_8615901855994_50232052941050	Wellington for ukulele Clear ver. ウェリントン｜ウロコのようなウクレレストラップ（全長約89cm）／名入れ刻印あり
shopify_JP_8615901855994_50232052973818	Wellington for ukulele Clear ver. ウェリントン｜ウロコのようなウクレレストラップ（全長約93cm）
shopify_JP_8615901855994_50232053006586	Wellington for ukulele Clear ver. ウェリントン｜ウロコのようなウクレレストラップ（全長約93cm）／名入れ刻印あり
shopify_JP_8615901855994_50232053072122	Wellington for ukulele Clear ver. ウェリントン｜ウロコのようなウクレレストラップ（全長約97cm）／名入れ刻印あり
shopify_JP_8615901855994_50232053104890	Wellington for ukulele Clear ver. ウェリントン｜ウロコのようなウクレレストラップ（全長約101cm）
shopify_JP_8615901855994_50232053137658	Wellington for ukulele Clear ver. ウェリントン｜ウロコのようなウクレレストラップ（全長約101cm）／名入れ刻印あり
shopify_JP_8615901855994_50232053170426	Wellington for ukulele Clear ver. ウェリントン｜ウロコのようなウクレレストラップ（全長約105cm）
shopify_JP_8615901855994_50232053203194	Wellington for ukulele Clear ver. ウェリントン｜ウロコのようなウクレレストラップ（全長約105cm）／名入れ刻印あり
shopify_JP_8615901855994_50232053235962	Wellington for ukulele Clear ver. ウェリントン｜ウロコのようなウクレレストラップ（全長約109cm）
shopify_JP_8615901855994_50232053268730	Wellington for ukulele Clear ver. ウェリントン｜ウロコのようなウクレレストラップ（全長約109cm）／名入れ刻印あり
shopify_JP_8615901855994_50232053301498	Wellington for ukulele Clear ver. ウェリントン｜ウロコのようなウクレレストラップ（全長約113cm）
shopify_JP_8615901855994_50232053334266	Wellington for ukulele Clear ver. ウェリントン｜ウロコのようなウクレレストラップ（全長約113cm）／名入れ刻印あり
shopify_JP_8615901921530_50230365192442	Wellington for ukulele ウェリントン｜ウロコのようなウクレレストラップ（全長約97cm）
shopify_JP_8615901921530_46634549936378	Wellington for ukulele ウェリントン｜ウロコのようなウクレレストラップ（全長約81cm）
shopify_JP_8615901921530_50230364963066	Wellington for ukulele ウェリントン｜ウロコのようなウクレレストラップ（全長約81cm）／名入れ刻印あり
shopify_JP_8615901921530_50230364995834	Wellington for ukulele ウェリントン｜ウロコのようなウクレレストラップ（全長約85cm）
shopify_JP_8615901921530_50230365028602	Wellington for ukulele ウェリントン｜ウロコのようなウクレレストラップ（全長約85cm）／名入れ刻印あり
shopify_JP_8615901921530_50230365061370	Wellington for ukulele ウェリントン｜ウロコのようなウクレレストラップ（全長約89cm）
shopify_JP_8615901921530_50230365094138	Wellington for ukulele ウェリントン｜ウロコのようなウクレレストラップ（全長約89cm）／名入れ刻印あり
shopify_JP_8615901921530_50230365126906	Wellington for ukulele ウェリントン｜ウロコのようなウクレレストラップ（全長約93cm）
shopify_JP_8615901921530_50230365159674	Wellington for ukulele ウェリントン｜ウロコのようなウクレレストラップ（全長約93cm）／名入れ刻印あり
shopify_JP_8615901921530_50230365225210	Wellington for ukulele ウェリントン｜ウロコのようなウクレレストラップ（全長約97cm）／名入れ刻印あり
shopify_JP_8615901921530_50230365257978	Wellington for ukulele ウェリントン｜ウロコのようなウクレレストラップ（全長約101cm）
shopify_JP_8615901921530_50230365290746	Wellington for ukulele ウェリントン｜ウロコのようなウクレレストラップ（全長約101cm）／名入れ刻印あり
shopify_JP_8615901921530_50230365323514	Wellington for ukulele ウェリントン｜ウロコのようなウクレレストラップ（全長約105cm）
shopify_JP_8615901921530_50230365356282	Wellington for ukulele ウェリントン｜ウロコのようなウクレレストラップ（全長約105cm）／名入れ刻印あり
shopify_JP_8615901921530_50230365389050	Wellington for ukulele ウェリントン｜ウロコのようなウクレレストラップ（全長約109cm）
shopify_JP_8615901921530_50230365421818	Wellington for ukulele ウェリントン｜ウロコのようなウクレレストラップ（全長約109cm）／名入れ刻印あり
shopify_JP_8615901921530_50230365454586	Wellington for ukulele ウェリントン｜ウロコのようなウクレレストラップ（全長約113cm）
shopify_JP_8615901921530_50230365487354	Wellington for ukulele ウェリントン｜ウロコのようなウクレレストラップ（全長約113cm）／名入れ刻印あり
shopify_JP_9459995410682_50468958273786	folklore フォークロア White｜定番カラー（全長約115cm）
shopify_JP_9459995410682_50468957946106	folklore フォークロア White｜定番カラー（全長約55cm）
shopify_JP_9459995410682_50468957978874	folklore フォークロア White｜定番カラー（全長約61cm）
shopify_JP_9459995410682_50468958011642	folklore フォークロア White｜定番カラー（全長約67cm）
shopify_JP_9459995410682_50468958044410	folklore フォークロア White｜定番カラー（全長約73cm）
shopify_JP_9459995410682_50468958077178	folklore フォークロア White｜定番カラー（全長約79cm）
shopify_JP_9459995410682_50468958109946	folklore フォークロア White｜定番カラー（全長約85cm）
shopify_JP_9459995410682_50468958142714	folklore フォークロア White｜定番カラー（全長約91cm）
shopify_JP_9459995410682_50468958175482	folklore フォークロア White｜定番カラー（全長約97cm）
shopify_JP_9459995410682_50468958208250	folklore フォークロア White｜定番カラー（全長約103cm）
shopify_JP_9459995410682_50468958241018	folklore フォークロア White｜定番カラー（全長約109cm）
shopify_JP_9459995410682_50468958306554	folklore フォークロア White｜定番カラー（全長約121cm）
shopify_JP_9459995410682_50468958339322	folklore フォークロア White｜定番カラー（全長約127cm）
shopify_JP_9459995410682_50468958372090	folklore フォークロア White｜定番カラー（全長約133cm）
shopify_JP_9459995410682_50468958404858	folklore フォークロア White｜定番カラー（全長約139cm）
shopify_JP_9459995410682_50468958437626	folklore フォークロア White｜定番カラー（全長約145cm）
shopify_JP_9459995410682_50468958470394	folklore フォークロア White｜定番カラー（全長約151cm）
shopify_JP_9459995410682_50468958503162	folklore フォークロア White｜定番カラー（全長約157cm）
shopify_JP_9459995410682_50468958535930	folklore フォークロア White｜定番カラー（全長約163cm）
shopify_JP_9459995410682_50468958568698	folklore フォークロア White｜定番カラー（全長約169cm）
shopify_JP_9459995410682_50468958601466	folklore フォークロア White｜定番カラー（全長約175cm）
shopify_JP_9460033487098_50469304205562	folklore フォークロア Black｜定番カラー（全長約115cm）
shopify_JP_9460033487098_50469304238330	folklore フォークロア Black｜定番カラー（全長約55cm）
shopify_JP_9460033487098_50469304271098	folklore フォークロア Black｜定番カラー（全長約61cm）
shopify_JP_9460033487098_50469304303866	folklore フォークロア Black｜定番カラー（全長約67cm）
shopify_JP_9460033487098_50469304336634	folklore フォークロア Black｜定番カラー（全長約73cm）
shopify_JP_9460033487098_50469304369402	folklore フォークロア Black｜定番カラー（全長約79cm）
shopify_JP_9460033487098_50469304402170	folklore フォークロア Black｜定番カラー（全長約85cm）
shopify_JP_9460033487098_50469304434938	folklore フォークロア Black｜定番カラー（全長約91cm）
shopify_JP_9460033487098_50469304467706	folklore フォークロア Black｜定番カラー（全長約97cm）
shopify_JP_9460033487098_50469304500474	folklore フォークロア Black｜定番カラー（全長約103cm）
shopify_JP_9460033487098_50469304533242	folklore フォークロア Black｜定番カラー（全長約109cm）
shopify_JP_9460033487098_50469304566010	folklore フォークロア Black｜定番カラー（全長約121cm）
shopify_JP_9460033487098_50469304598778	folklore フォークロア Black｜定番カラー（全長約127cm）
shopify_JP_9460033487098_50469304631546	folklore フォークロア Black｜定番カラー（全長約133cm）
shopify_JP_9460033487098_50469304664314	folklore フォークロア Black｜定番カラー（全長約139cm）
shopify_JP_9460033487098_50469304697082	folklore フォークロア Black｜定番カラー（全長約145cm）
shopify_JP_9460033487098_50469304729850	folklore フォークロア Black｜定番カラー（全長約151cm）
shopify_JP_9460033487098_50469304762618	folklore フォークロア Black｜定番カラー（全長約157cm）
shopify_JP_9460033487098_50469304795386	folklore フォークロア Black｜定番カラー（全長約163cm）
shopify_JP_9460033487098_50469304828154	folklore フォークロア Black｜定番カラー（全長約169cm）
shopify_JP_9460033487098_50469304860922	folklore フォークロア Black｜定番カラー（全長約175cm）
shopify_JP_9460040859898_50469362630906	folklore フォークロア Brown｜定番カラー（全長約115cm）
shopify_JP_9460040859898_50469362663674	folklore フォークロア Brown｜定番カラー（全長約55cm）
shopify_JP_9460040859898_50469362696442	folklore フォークロア Brown｜定番カラー（全長約61cm）
shopify_JP_9460040859898_50469362729210	folklore フォークロア Brown｜定番カラー（全長約67cm）
shopify_JP_9460040859898_50469362761978	folklore フォークロア Brown｜定番カラー（全長約73cm）
shopify_JP_9460040859898_50469362794746	folklore フォークロア Brown｜定番カラー（全長約79cm）
shopify_JP_9460040859898_50469362827514	folklore フォークロア Brown｜定番カラー（全長約85cm）
shopify_JP_9460040859898_50469362860282	folklore フォークロア Brown｜定番カラー（全長約91cm）
shopify_JP_9460040859898_50469362893050	folklore フォークロア Brown｜定番カラー（全長約97cm）
shopify_JP_9460040859898_50469362925818	folklore フォークロア Brown｜定番カラー（全長約103cm）
shopify_JP_9460040859898_50469362958586	folklore フォークロア Brown｜定番カラー（全長約109cm）
shopify_JP_9460040859898_50469362991354	folklore フォークロア Brown｜定番カラー（全長約121cm）
shopify_JP_9460040859898_50469363024122	folklore フォークロア Brown｜定番カラー（全長約127cm）
shopify_JP_9460040859898_50469363056890	folklore フォークロア Brown｜定番カラー（全長約133cm）
shopify_JP_9460040859898_50469363089658	folklore フォークロア Brown｜定番カラー（全長約139cm）
shopify_JP_9460040859898_50469363122426	folklore フォークロア Brown｜定番カラー（全長約145cm）
shopify_JP_9460040859898_50469363155194	folklore フォークロア Brown｜定番カラー（全長約151cm）
shopify_JP_9460040859898_50469363187962	folklore フォークロア Brown｜定番カラー（全長約157cm）
shopify_JP_9460040859898_50469363220730	folklore フォークロア Brown｜定番カラー（全長約163cm）
shopify_JP_9460040859898_50469363253498	folklore フォークロア Brown｜定番カラー（全長約169cm）
shopify_JP_9460040859898_50469363286266	folklore フォークロア Brown｜定番カラー（全長約175cm）
shopify_JP_9460182909178_50470423003386	folklore Clear ver. フォークロア White×White（PVC×革）｜定番カラー（全長約115cm）
shopify_JP_9460182909178_50470423036154	folklore Clear ver. フォークロア White×White（PVC×革）｜定番カラー（全長約55cm）
shopify_JP_9460182909178_50470423068922	folklore Clear ver. フォークロア White×White（PVC×革）｜定番カラー（全長約61cm）
shopify_JP_9460182909178_50470423101690	folklore Clear ver. フォークロア White×White（PVC×革）｜定番カラー（全長約67cm）
shopify_JP_9460182909178_50470423134458	folklore Clear ver. フォークロア White×White（PVC×革）｜定番カラー（全長約73cm）
shopify_JP_9460182909178_50470423167226	folklore Clear ver. フォークロア White×White（PVC×革）｜定番カラー（全長約79cm）
shopify_JP_9460182909178_50470423199994	folklore Clear ver. フォークロア White×White（PVC×革）｜定番カラー（全長約85cm）
shopify_JP_9460182909178_50470423232762	folklore Clear ver. フォークロア White×White（PVC×革）｜定番カラー（全長約91cm）
shopify_JP_9460182909178_50470423265530	folklore Clear ver. フォークロア White×White（PVC×革）｜定番カラー（全長約97cm）
shopify_JP_9460182909178_50470423298298	folklore Clear ver. フォークロア White×White（PVC×革）｜定番カラー（全長約103cm）
shopify_JP_9460182909178_50470423331066	folklore Clear ver. フォークロア White×White（PVC×革）｜定番カラー（全長約109cm）
shopify_JP_9460182909178_50470423363834	folklore Clear ver. フォークロア White×White（PVC×革）｜定番カラー（全長約121cm）
shopify_JP_9460182909178_50470423396602	folklore Clear ver. フォークロア White×White（PVC×革）｜定番カラー（全長約127cm）
shopify_JP_9460182909178_50470423429370	folklore Clear ver. フォークロア White×White（PVC×革）｜定番カラー（全長約133cm）
shopify_JP_9460182909178_50470423462138	folklore Clear ver. フォークロア White×White（PVC×革）｜定番カラー（全長約139cm）
shopify_JP_9460182909178_50470423494906	folklore Clear ver. フォークロア White×White（PVC×革）｜定番カラー（全長約145cm）
shopify_JP_9460182909178_50470423527674	folklore Clear ver. フォークロア White×White（PVC×革）｜定番カラー（全長約151cm）
shopify_JP_9460182909178_50470423560442	folklore Clear ver. フォークロア White×White（PVC×革）｜定番カラー（全長約157cm）
shopify_JP_9460182909178_50470423593210	folklore Clear ver. フォークロア White×White（PVC×革）｜定番カラー（全長約163cm）
shopify_JP_9460182909178_50470423625978	folklore Clear ver. フォークロア White×White（PVC×革）｜定番カラー（全長約169cm）
shopify_JP_9460182909178_50470423658746	folklore Clear ver. フォークロア White×White（PVC×革）｜定番カラー（全長約175cm）
shopify_JP_9460182974714_50470424117498	folklore Clear ver. フォークロア Brown×Choco（PVC×革）｜定番カラー（全長約115cm）
shopify_JP_9460182974714_50470424150266	folklore Clear ver. フォークロア Brown×Choco（PVC×革）｜定番カラー（全長約55cm）
shopify_JP_9460182974714_50470424183034	folklore Clear ver. フォークロア Brown×Choco（PVC×革）｜定番カラー（全長約61cm）
shopify_JP_9460182974714_50470424215802	folklore Clear ver. フォークロア Brown×Choco（PVC×革）｜定番カラー（全長約67cm）
shopify_JP_9460182974714_50470424248570	folklore Clear ver. フォークロア Brown×Choco（PVC×革）｜定番カラー（全長約73cm）
shopify_JP_9460182974714_50470424281338	folklore Clear ver. フォークロア Brown×Choco（PVC×革）｜定番カラー（全長約79cm）
shopify_JP_9460182974714_50470424314106	folklore Clear ver. フォークロア Brown×Choco（PVC×革）｜定番カラー（全長約85cm）
shopify_JP_9460182974714_50470424346874	folklore Clear ver. フォークロア Brown×Choco（PVC×革）｜定番カラー（全長約91cm）
shopify_JP_9460182974714_50470424379642	folklore Clear ver. フォークロア Brown×Choco（PVC×革）｜定番カラー（全長約97cm）
shopify_JP_9460182974714_50470424412410	folklore Clear ver. フォークロア Brown×Choco（PVC×革）｜定番カラー（全長約103cm）
shopify_JP_9460182974714_50470424445178	folklore Clear ver. フォークロア Brown×Choco（PVC×革）｜定番カラー（全長約109cm）
shopify_JP_9460182974714_50470424477946	folklore Clear ver. フォークロア Brown×Choco（PVC×革）｜定番カラー（全長約121cm）
shopify_JP_9460182974714_50470424510714	folklore Clear ver. フォークロア Brown×Choco（PVC×革）｜定番カラー（全長約127cm）
shopify_JP_9460182974714_50470424543482	folklore Clear ver. フォークロア Brown×Choco（PVC×革）｜定番カラー（全長約133cm）
shopify_JP_9460182974714_50470424576250	folklore Clear ver. フォークロア Brown×Choco（PVC×革）｜定番カラー（全長約139cm）
shopify_JP_9460182974714_50470424609018	folklore Clear ver. フォークロア Brown×Choco（PVC×革）｜定番カラー（全長約145cm）
shopify_JP_9460182974714_50470424641786	folklore Clear ver. フォークロア Brown×Choco（PVC×革）｜定番カラー（全長約151cm）
shopify_JP_9460182974714_50470424674554	folklore Clear ver. フォークロア Brown×Choco（PVC×革）｜定番カラー（全長約157cm）
shopify_JP_9460182974714_50470424707322	folklore Clear ver. フォークロア Brown×Choco（PVC×革）｜定番カラー（全長約163cm）
shopify_JP_9460182974714_50470424740090	folklore Clear ver. フォークロア Brown×Choco（PVC×革）｜定番カラー（全長約169cm）
shopify_JP_9460182974714_50470424772858	folklore Clear ver. フォークロア Brown×Choco（PVC×革）｜定番カラー（全長約175cm）
shopify_JP_9460183040250_50470425100538	folklore Clear ver. フォークロア Black×Black（PVC×革）｜定番カラー（全長約115cm）
shopify_JP_9460183040250_50470425133306	folklore Clear ver. フォークロア Black×Black（PVC×革）｜定番カラー（全長約55cm）
shopify_JP_9460183040250_50470425166074	folklore Clear ver. フォークロア Black×Black（PVC×革）｜定番カラー（全長約61cm）
shopify_JP_9460183040250_50470425198842	folklore Clear ver. フォークロア Black×Black（PVC×革）｜定番カラー（全長約67cm）
shopify_JP_9460183040250_50470425231610	folklore Clear ver. フォークロア Black×Black（PVC×革）｜定番カラー（全長約73cm）
shopify_JP_9460183040250_50470425264378	folklore Clear ver. フォークロア Black×Black（PVC×革）｜定番カラー（全長約79cm）
shopify_JP_9460183040250_50470425297146	folklore Clear ver. フォークロア Black×Black（PVC×革）｜定番カラー（全長約85cm）
shopify_JP_9460183040250_50470425329914	folklore Clear ver. フォークロア Black×Black（PVC×革）｜定番カラー（全長約91cm）
shopify_JP_9460183040250_50470425362682	folklore Clear ver. フォークロア Black×Black（PVC×革）｜定番カラー（全長約97cm）
shopify_JP_9460183040250_50470425395450	folklore Clear ver. フォークロア Black×Black（PVC×革）｜定番カラー（全長約103cm）
shopify_JP_9460183040250_50470425428218	folklore Clear ver. フォークロア Black×Black（PVC×革）｜定番カラー（全長約109cm）
shopify_JP_9460183040250_50470425460986	folklore Clear ver. フォークロア Black×Black（PVC×革）｜定番カラー（全長約121cm）
shopify_JP_9460183040250_50470425493754	folklore Clear ver. フォークロア Black×Black（PVC×革）｜定番カラー（全長約127cm）
shopify_JP_9460183040250_50470425526522	folklore Clear ver. フォークロア Black×Black（PVC×革）｜定番カラー（全長約133cm）
shopify_JP_9460183040250_50470425559290	folklore Clear ver. フォークロア Black×Black（PVC×革）｜定番カラー（全長約139cm）
shopify_JP_9460183040250_50470425592058	folklore Clear ver. フォークロア Black×Black（PVC×革）｜定番カラー（全長約145cm）
shopify_JP_9460183040250_50470425624826	folklore Clear ver. フォークロア Black×Black（PVC×革）｜定番カラー（全長約151cm）
shopify_JP_9460183040250_50470425657594	folklore Clear ver. フォークロア Black×Black（PVC×革）｜定番カラー（全長約157cm）
shopify_JP_9460183040250_50470425690362	folklore Clear ver. フォークロア Black×Black（PVC×革）｜定番カラー（全長約163cm）
shopify_JP_9460183040250_50470425723130	folklore Clear ver. フォークロア Black×Black（PVC×革）｜定番カラー（全長約169cm）
shopify_JP_9460183040250_50470425755898	folklore Clear ver. フォークロア Black×Black（PVC×革）｜定番カラー（全長約175cm）
shopify_JP_9460183105786_50470426083578	folklore Clear ver. フォークロア Red×Wine Red（PVC×革）｜定番カラー（全長約115cm）
shopify_JP_9460183105786_50470426116346	folklore Clear ver. フォークロア Red×Wine Red（PVC×革）｜定番カラー（全長約55cm）
shopify_JP_9460183105786_50470426149114	folklore Clear ver. フォークロア Red×Wine Red（PVC×革）｜定番カラー（全長約61cm）
shopify_JP_9460183105786_50470426181882	folklore Clear ver. フォークロア Red×Wine Red（PVC×革）｜定番カラー（全長約67cm）
shopify_JP_9460183105786_50470426214650	folklore Clear ver. フォークロア Red×Wine Red（PVC×革）｜定番カラー（全長約73cm）
shopify_JP_9460183105786_50470426247418	folklore Clear ver. フォークロア Red×Wine Red（PVC×革）｜定番カラー（全長約79cm）
shopify_JP_9460183105786_50470426280186	folklore Clear ver. フォークロア Red×Wine Red（PVC×革）｜定番カラー（全長約85cm）
shopify_JP_9460183105786_50470426312954	folklore Clear ver. フォークロア Red×Wine Red（PVC×革）｜定番カラー（全長約91cm）
shopify_JP_9460183105786_50470426345722	folklore Clear ver. フォークロア Red×Wine Red（PVC×革）｜定番カラー（全長約97cm）
shopify_JP_9460183105786_50470426378490	folklore Clear ver. フォークロア Red×Wine Red（PVC×革）｜定番カラー（全長約103cm）
shopify_JP_9460183105786_50470426411258	folklore Clear ver. フォークロア Red×Wine Red（PVC×革）｜定番カラー（全長約109cm）
shopify_JP_9460183105786_50470426444026	folklore Clear ver. フォークロア Red×Wine Red（PVC×革）｜定番カラー（全長約121cm）
shopify_JP_9460183105786_50470426476794	folklore Clear ver. フォークロア Red×Wine Red（PVC×革）｜定番カラー（全長約127cm）
shopify_JP_9460183105786_50470426509562	folklore Clear ver. フォークロア Red×Wine Red（PVC×革）｜定番カラー（全長約133cm）
shopify_JP_9460183105786_50470426542330	folklore Clear ver. フォークロア Red×Wine Red（PVC×革）｜定番カラー（全長約139cm）
shopify_JP_9460183105786_50470426575098	folklore Clear ver. フォークロア Red×Wine Red（PVC×革）｜定番カラー（全長約145cm）
shopify_JP_9460183105786_50470426607866	folklore Clear ver. フォークロア Red×Wine Red（PVC×革）｜定番カラー（全長約151cm）
shopify_JP_9460183105786_50470426640634	folklore Clear ver. フォークロア Red×Wine Red（PVC×革）｜定番カラー（全長約157cm）
shopify_JP_9460183105786_50470426673402	folklore Clear ver. フォークロア Red×Wine Red（PVC×革）｜定番カラー（全長約163cm）
shopify_JP_9460183105786_50470426706170	folklore Clear ver. フォークロア Red×Wine Red（PVC×革）｜定番カラー（全長約169cm）
shopify_JP_9460183105786_50470426738938	folklore Clear ver. フォークロア Red×Wine Red（PVC×革）｜定番カラー（全長約175cm）
shopify_JP_9460183171322_50470427066618	folklore Clear ver. フォークロア Green×Green（PVC×革）｜定番カラー（全長約115cm）
shopify_JP_9460183171322_50470427099386	folklore Clear ver. フォークロア Green×Green（PVC×革）｜定番カラー（全長約55cm）
shopify_JP_9460183171322_50470427132154	folklore Clear ver. フォークロア Green×Green（PVC×革）｜定番カラー（全長約61cm）
shopify_JP_9460183171322_50470427164922	folklore Clear ver. フォークロア Green×Green（PVC×革）｜定番カラー（全長約67cm）
shopify_JP_9460183171322_50470427197690	folklore Clear ver. フォークロア Green×Green（PVC×革）｜定番カラー（全長約73cm）
shopify_JP_9460183171322_50470427230458	folklore Clear ver. フォークロア Green×Green（PVC×革）｜定番カラー（全長約79cm）
shopify_JP_9460183171322_50470427263226	folklore Clear ver. フォークロア Green×Green（PVC×革）｜定番カラー（全長約85cm）
shopify_JP_9460183171322_50470427295994	folklore Clear ver. フォークロア Green×Green（PVC×革）｜定番カラー（全長約91cm）
shopify_JP_9460183171322_50470427328762	folklore Clear ver. フォークロア Green×Green（PVC×革）｜定番カラー（全長約97cm）
shopify_JP_9460183171322_50470427361530	folklore Clear ver. フォークロア Green×Green（PVC×革）｜定番カラー（全長約103cm）
shopify_JP_9460183171322_50470427394298	folklore Clear ver. フォークロア Green×Green（PVC×革）｜定番カラー（全長約109cm）
shopify_JP_9460183171322_50470427427066	folklore Clear ver. フォークロア Green×Green（PVC×革）｜定番カラー（全長約121cm）
shopify_JP_9460183171322_50470427459834	folklore Clear ver. フォークロア Green×Green（PVC×革）｜定番カラー（全長約127cm）
shopify_JP_9460183171322_50470427492602	folklore Clear ver. フォークロア Green×Green（PVC×革）｜定番カラー（全長約133cm）
shopify_JP_9460183171322_50470427525370	folklore Clear ver. フォークロア Green×Green（PVC×革）｜定番カラー（全長約139cm）
shopify_JP_9460183171322_50470427558138	folklore Clear ver. フォークロア Green×Green（PVC×革）｜定番カラー（全長約145cm）
shopify_JP_9460183171322_50470427590906	folklore Clear ver. フォークロア Green×Green（PVC×革）｜定番カラー（全長約151cm）
shopify_JP_9460183171322_50470427623674	folklore Clear ver. フォークロア Green×Green（PVC×革）｜定番カラー（全長約157cm）
shopify_JP_9460183171322_50470427656442	folklore Clear ver. フォークロア Green×Green（PVC×革）｜定番カラー（全長約163cm）
shopify_JP_9460183171322_50470427689210	folklore Clear ver. フォークロア Green×Green（PVC×革）｜定番カラー（全長約169cm）
shopify_JP_9460183171322_50470427721978	folklore Clear ver. フォークロア Green×Green（PVC×革）｜定番カラー（全長約175cm）
shopify_JP_9460183236858_50470428049658	folklore Clear ver. フォークロア Yellow×Yellow（PVC×革）｜定番カラー（全長約115cm）
shopify_JP_9460183236858_50470428082426	folklore Clear ver. フォークロア Yellow×Yellow（PVC×革）｜定番カラー（全長約55cm）
shopify_JP_9460183236858_50470428115194	folklore Clear ver. フォークロア Yellow×Yellow（PVC×革）｜定番カラー（全長約61cm）
shopify_JP_9460183236858_50470428147962	folklore Clear ver. フォークロア Yellow×Yellow（PVC×革）｜定番カラー（全長約67cm）
shopify_JP_9460183236858_50470428180730	folklore Clear ver. フォークロア Yellow×Yellow（PVC×革）｜定番カラー（全長約73cm）
shopify_JP_9460183236858_50470428213498	folklore Clear ver. フォークロア Yellow×Yellow（PVC×革）｜定番カラー（全長約79cm）
shopify_JP_9460183236858_50470428246266	folklore Clear ver. フォークロア Yellow×Yellow（PVC×革）｜定番カラー（全長約85cm）
shopify_JP_9460183236858_50470428279034	folklore Clear ver. フォークロア Yellow×Yellow（PVC×革）｜定番カラー（全長約91cm）
shopify_JP_9460183236858_50470428311802	folklore Clear ver. フォークロア Yellow×Yellow（PVC×革）｜定番カラー（全長約97cm）
shopify_JP_9460183236858_50470428344570	folklore Clear ver. フォークロア Yellow×Yellow（PVC×革）｜定番カラー（全長約103cm）
shopify_JP_9460183236858_50470428377338	folklore Clear ver. フォークロア Yellow×Yellow（PVC×革）｜定番カラー（全長約109cm）
shopify_JP_9460183236858_50470428410106	folklore Clear ver. フォークロア Yellow×Yellow（PVC×革）｜定番カラー（全長約121cm）
shopify_JP_9460183236858_50470428442874	folklore Clear ver. フォークロア Yellow×Yellow（PVC×革）｜定番カラー（全長約127cm）
shopify_JP_9460183236858_50470428475642	folklore Clear ver. フォークロア Yellow×Yellow（PVC×革）｜定番カラー（全長約133cm）
shopify_JP_9460183236858_50470428508410	folklore Clear ver. フォークロア Yellow×Yellow（PVC×革）｜定番カラー（全長約139cm）
shopify_JP_9460183236858_50470428541178	folklore Clear ver. フォークロア Yellow×Yellow（PVC×革）｜定番カラー（全長約145cm）
shopify_JP_9460183236858_50470428573946	folklore Clear ver. フォークロア Yellow×Yellow（PVC×革）｜定番カラー（全長約151cm）
shopify_JP_9460183236858_50470428606714	folklore Clear ver. フォークロア Yellow×Yellow（PVC×革）｜定番カラー（全長約157cm）
shopify_JP_9460183236858_50470428639482	folklore Clear ver. フォークロア Yellow×Yellow（PVC×革）｜定番カラー（全長約163cm）
shopify_JP_9460183236858_50470428672250	folklore Clear ver. フォークロア Yellow×Yellow（PVC×革）｜定番カラー（全長約169cm）
shopify_JP_9460183236858_50470428705018	folklore Clear ver. フォークロア Yellow×Yellow（PVC×革）｜定番カラー（全長約175cm）
shopify_JP_9460183302394_50470429032698	folklore Clear ver. フォークロア Blue×White（PVC×革）｜定番カラー（全長約115cm）
shopify_JP_9460183302394_50470429065466	folklore Clear ver. フォークロア Blue×White（PVC×革）｜定番カラー（全長約55cm）
shopify_JP_9460183302394_50470429098234	folklore Clear ver. フォークロア Blue×White（PVC×革）｜定番カラー（全長約61cm）
shopify_JP_9460183302394_50470429131002	folklore Clear ver. フォークロア Blue×White（PVC×革）｜定番カラー（全長約67cm）
shopify_JP_9460183302394_50470429163770	folklore Clear ver. フォークロア Blue×White（PVC×革）｜定番カラー（全長約73cm）
shopify_JP_9460183302394_50470429196538	folklore Clear ver. フォークロア Blue×White（PVC×革）｜定番カラー（全長約79cm）
shopify_JP_9460183302394_50470429229306	folklore Clear ver. フォークロア Blue×White（PVC×革）｜定番カラー（全長約85cm）
shopify_JP_9460183302394_50470429262074	folklore Clear ver. フォークロア Blue×White（PVC×革）｜定番カラー（全長約91cm）
shopify_JP_9460183302394_50470429294842	folklore Clear ver. フォークロア Blue×White（PVC×革）｜定番カラー（全長約97cm）
shopify_JP_9460183302394_50470429327610	folklore Clear ver. フォークロア Blue×White（PVC×革）｜定番カラー（全長約103cm）
shopify_JP_9460183302394_50470429360378	folklore Clear ver. フォークロア Blue×White（PVC×革）｜定番カラー（全長約109cm）
shopify_JP_9460183302394_50470429393146	folklore Clear ver. フォークロア Blue×White（PVC×革）｜定番カラー（全長約121cm）
shopify_JP_9460183302394_50470429425914	folklore Clear ver. フォークロア Blue×White（PVC×革）｜定番カラー（全長約127cm）
shopify_JP_9460183302394_50470429458682	folklore Clear ver. フォークロア Blue×White（PVC×革）｜定番カラー（全長約133cm）
shopify_JP_9460183302394_50470429491450	folklore Clear ver. フォークロア Blue×White（PVC×革）｜定番カラー（全長約139cm）
shopify_JP_9460183302394_50470429524218	folklore Clear ver. フォークロア Blue×White（PVC×革）｜定番カラー（全長約145cm）
shopify_JP_9460183302394_50470429556986	folklore Clear ver. フォークロア Blue×White（PVC×革）｜定番カラー（全長約151cm）
shopify_JP_9460183302394_50470429589754	folklore Clear ver. フォークロア Blue×White（PVC×革）｜定番カラー（全長約157cm）
shopify_JP_9460183302394_50470429622522	folklore Clear ver. フォークロア Blue×White（PVC×革）｜定番カラー（全長約163cm）
shopify_JP_9460183302394_50470429655290	folklore Clear ver. フォークロア Blue×White（PVC×革）｜定番カラー（全長約169cm）
shopify_JP_9460183302394_50470429688058	folklore Clear ver. フォークロア Blue×White（PVC×革）｜定番カラー（全長約175cm）
shopify_JP_9460230160634_50470554009850	Wellington for ukulele ウェリントン White｜定番カラー（全長約97cm）
shopify_JP_9460230160634_50470554042618	Wellington for ukulele ウェリントン White｜定番カラー（全長約81cm）
shopify_JP_9460230160634_50470554075386	Wellington for ukulele ウェリントン White｜定番カラー（全長約85cm）
shopify_JP_9460230160634_50470554108154	Wellington for ukulele ウェリントン White｜定番カラー（全長約89cm）
shopify_JP_9460230160634_50470554140922	Wellington for ukulele ウェリントン White｜定番カラー（全長約93cm）
shopify_JP_9460230160634_50470554173690	Wellington for ukulele ウェリントン White｜定番カラー（全長約101cm）
shopify_JP_9460230160634_50470554206458	Wellington for ukulele ウェリントン White｜定番カラー（全長約105cm）
shopify_JP_9460230160634_50470554239226	Wellington for ukulele ウェリントン White｜定番カラー（全長約109cm）
shopify_JP_9460230160634_50470554271994	Wellington for ukulele ウェリントン White｜定番カラー（全長約113cm）
shopify_JP_9460230357242_50470555025658	Wellington for ukulele ウェリントン Brown｜定番カラー（全長約97cm）
shopify_JP_9460230357242_50470555058426	Wellington for ukulele ウェリントン Brown｜定番カラー（全長約81cm）
shopify_JP_9460230357242_50470555091194	Wellington for ukulele ウェリントン Brown｜定番カラー（全長約85cm）
shopify_JP_9460230357242_50470555123962	Wellington for ukulele ウェリントン Brown｜定番カラー（全長約89cm）
shopify_JP_9460230357242_50470555156730	Wellington for ukulele ウェリントン Brown｜定番カラー（全長約93cm）
shopify_JP_9460230357242_50470555189498	Wellington for ukulele ウェリントン Brown｜定番カラー（全長約101cm）
shopify_JP_9460230357242_50470555222266	Wellington for ukulele ウェリントン Brown｜定番カラー（全長約105cm）
shopify_JP_9460230357242_50470555255034	Wellington for ukulele ウェリントン Brown｜定番カラー（全長約109cm）
shopify_JP_9460230357242_50470555287802	Wellington for ukulele ウェリントン Brown｜定番カラー（全長約113cm）
shopify_JP_9460246151418_50470627016954	Wellington for ukulele Clear ver. ウェリントン Blue×Light Blue（PVC×革）｜定番カラー（全長約97cm）
shopify_JP_9460246151418_50470627049722	Wellington for ukulele Clear ver. ウェリントン Blue×Light Blue（PVC×革）｜定番カラー（全長約81cm）
shopify_JP_9460246151418_50470627082490	Wellington for ukulele Clear ver. ウェリントン Blue×Light Blue（PVC×革）｜定番カラー（全長約85cm）
shopify_JP_9460246151418_50470627115258	Wellington for ukulele Clear ver. ウェリントン Blue×Light Blue（PVC×革）｜定番カラー（全長約89cm）
shopify_JP_9460246151418_50470627148026	Wellington for ukulele Clear ver. ウェリントン Blue×Light Blue（PVC×革）｜定番カラー（全長約93cm）
shopify_JP_9460246151418_50470627180794	Wellington for ukulele Clear ver. ウェリントン Blue×Light Blue（PVC×革）｜定番カラー（全長約101cm）
shopify_JP_9460246151418_50470627213562	Wellington for ukulele Clear ver. ウェリントン Blue×Light Blue（PVC×革）｜定番カラー（全長約105cm）
shopify_JP_9460246151418_50470627246330	Wellington for ukulele Clear ver. ウェリントン Blue×Light Blue（PVC×革）｜定番カラー（全長約109cm）
shopify_JP_9460246151418_50470627279098	Wellington for ukulele Clear ver. ウェリントン Blue×Light Blue（PVC×革）｜定番カラー（全長約113cm）
shopify_JP_9460246249722_50470627639546	Wellington for ukulele Clear ver. ウェリントン White×White（PVC×革）｜定番カラー（全長約97cm）
shopify_JP_9460246249722_50470627672314	Wellington for ukulele Clear ver. ウェリントン White×White（PVC×革）｜定番カラー（全長約81cm）
shopify_JP_9460246249722_50470627705082	Wellington for ukulele Clear ver. ウェリントン White×White（PVC×革）｜定番カラー（全長約85cm）
shopify_JP_9460246249722_50470627737850	Wellington for ukulele Clear ver. ウェリントン White×White（PVC×革）｜定番カラー（全長約89cm）
shopify_JP_9460246249722_50470627770618	Wellington for ukulele Clear ver. ウェリントン White×White（PVC×革）｜定番カラー（全長約93cm）
shopify_JP_9460246249722_50470627803386	Wellington for ukulele Clear ver. ウェリントン White×White（PVC×革）｜定番カラー（全長約101cm）
shopify_JP_9460246249722_50470627836154	Wellington for ukulele Clear ver. ウェリントン White×White（PVC×革）｜定番カラー（全長約105cm）
shopify_JP_9460246249722_50470627868922	Wellington for ukulele Clear ver. ウェリントン White×White（PVC×革）｜定番カラー（全長約109cm）
shopify_JP_9460246249722_50470627901690	Wellington for ukulele Clear ver. ウェリントン White×White（PVC×革）｜定番カラー（全長約113cm）
shopify_JP_9460246315258_50470628262138	Wellington for ukulele Clear ver. ウェリントン Black×Black（PVC×革）｜定番カラー（全長約97cm）
shopify_JP_9460246315258_50470628294906	Wellington for ukulele Clear ver. ウェリントン Black×Black（PVC×革）｜定番カラー（全長約81cm）
shopify_JP_9460246315258_50470628327674	Wellington for ukulele Clear ver. ウェリントン Black×Black（PVC×革）｜定番カラー（全長約85cm）
shopify_JP_9460246315258_50470628360442	Wellington for ukulele Clear ver. ウェリントン Black×Black（PVC×革）｜定番カラー（全長約89cm）
shopify_JP_9460246315258_50470628393210	Wellington for ukulele Clear ver. ウェリントン Black×Black（PVC×革）｜定番カラー（全長約93cm）
shopify_JP_9460246315258_50470628425978	Wellington for ukulele Clear ver. ウェリントン Black×Black（PVC×革）｜定番カラー（全長約101cm）
shopify_JP_9460246315258_50470628458746	Wellington for ukulele Clear ver. ウェリントン Black×Black（PVC×革）｜定番カラー（全長約105cm）
shopify_JP_9460246315258_50470628491514	Wellington for ukulele Clear ver. ウェリントン Black×Black（PVC×革）｜定番カラー（全長約109cm）
shopify_JP_9460246315258_50470628524282	Wellington for ukulele Clear ver. ウェリントン Black×Black（PVC×革）｜定番カラー（全長約113cm）
shopify_JP_9460246413562_50470628917498	Wellington for ukulele Clear ver. ウェリントン Red×Wine Red（PVC×革）｜定番カラー（全長約97cm）
shopify_JP_9460246413562_50470628950266	Wellington for ukulele Clear ver. ウェリントン Red×Wine Red（PVC×革）｜定番カラー（全長約81cm）
shopify_JP_9460246413562_50470628983034	Wellington for ukulele Clear ver. ウェリントン Red×Wine Red（PVC×革）｜定番カラー（全長約85cm）
shopify_JP_9460246413562_50470629015802	Wellington for ukulele Clear ver. ウェリントン Red×Wine Red（PVC×革）｜定番カラー（全長約89cm）
shopify_JP_9460246413562_50470629048570	Wellington for ukulele Clear ver. ウェリントン Red×Wine Red（PVC×革）｜定番カラー（全長約93cm）
shopify_JP_9460246413562_50470629081338	Wellington for ukulele Clear ver. ウェリントン Red×Wine Red（PVC×革）｜定番カラー（全長約101cm）
shopify_JP_9460246413562_50470629114106	Wellington for ukulele Clear ver. ウェリントン Red×Wine Red（PVC×革）｜定番カラー（全長約105cm）
shopify_JP_9460246413562_50470629146874	Wellington for ukulele Clear ver. ウェリントン Red×Wine Red（PVC×革）｜定番カラー（全長約109cm）
shopify_JP_9460246413562_50470629179642	Wellington for ukulele Clear ver. ウェリントン Red×Wine Red（PVC×革）｜定番カラー（全長約113cm）
shopify_JP_9460246511866_50470629572858	Wellington for ukulele Clear ver. ウェリントン Yellow×Yellow（PVC×革）｜定番カラー（全長約97cm）
shopify_JP_9460246511866_50470629605626	Wellington for ukulele Clear ver. ウェリントン Yellow×Yellow（PVC×革）｜定番カラー（全長約81cm）
shopify_JP_9460246511866_50470629638394	Wellington for ukulele Clear ver. ウェリントン Yellow×Yellow（PVC×革）｜定番カラー（全長約85cm）
shopify_JP_9460246511866_50470629671162	Wellington for ukulele Clear ver. ウェリントン Yellow×Yellow（PVC×革）｜定番カラー（全長約89cm）
shopify_JP_9460246511866_50470629703930	Wellington for ukulele Clear ver. ウェリントン Yellow×Yellow（PVC×革）｜定番カラー（全長約93cm）
shopify_JP_9460246511866_50470629736698	Wellington for ukulele Clear ver. ウェリントン Yellow×Yellow（PVC×革）｜定番カラー（全長約101cm）
shopify_JP_9460246511866_50470629769466	Wellington for ukulele Clear ver. ウェリントン Yellow×Yellow（PVC×革）｜定番カラー（全長約105cm）
shopify_JP_9460246511866_50470629802234	Wellington for ukulele Clear ver. ウェリントン Yellow×Yellow（PVC×革）｜定番カラー（全長約109cm）
shopify_JP_9460246511866_50470629835002	Wellington for ukulele Clear ver. ウェリントン Yellow×Yellow（PVC×革）｜定番カラー（全長約113cm）
shopify_JP_9460246610170_50470629933306	Wellington for ukulele Clear ver. ウェリントン Green×Green（PVC×革）｜定番カラー（全長約97cm）
shopify_JP_9460246610170_50470629966074	Wellington for ukulele Clear ver. ウェリントン Green×Green（PVC×革）｜定番カラー（全長約81cm）
shopify_JP_9460246610170_50470629998842	Wellington for ukulele Clear ver. ウェリントン Green×Green（PVC×革）｜定番カラー（全長約85cm）
shopify_JP_9460246610170_50470630031610	Wellington for ukulele Clear ver. ウェリントン Green×Green（PVC×革）｜定番カラー（全長約89cm）
shopify_JP_9460246610170_50470630064378	Wellington for ukulele Clear ver. ウェリントン Green×Green（PVC×革）｜定番カラー（全長約93cm）
shopify_JP_9460246610170_50470630097146	Wellington for ukulele Clear ver. ウェリントン Green×Green（PVC×革）｜定番カラー（全長約101cm）
shopify_JP_9460246610170_50470630129914	Wellington for ukulele Clear ver. ウェリントン Green×Green（PVC×革）｜定番カラー（全長約105cm）
shopify_JP_9460246610170_50470630162682	Wellington for ukulele Clear ver. ウェリントン Green×Green（PVC×革）｜定番カラー（全長約109cm）
shopify_JP_9460246610170_50470630195450	Wellington for ukulele Clear ver. ウェリントン Green×Green（PVC×革）｜定番カラー（全長約113cm）
shopify_JP_9460246675706_50470630588666	Wellington for ukulele Clear ver. ウェリントン Brown×Choco（PVC×革）｜定番カラー（全長約97cm）
shopify_JP_9460246675706_50470630621434	Wellington for ukulele Clear ver. ウェリントン Brown×Choco（PVC×革）｜定番カラー（全長約81cm）
shopify_JP_9460246675706_50470630654202	Wellington for ukulele Clear ver. ウェリントン Brown×Choco（PVC×革）｜定番カラー（全長約85cm）
shopify_JP_9460246675706_50470630686970	Wellington for ukulele Clear ver. ウェリントン Brown×Choco（PVC×革）｜定番カラー（全長約89cm）
shopify_JP_9460246675706_50470630719738	Wellington for ukulele Clear ver. ウェリントン Brown×Choco（PVC×革）｜定番カラー（全長約93cm）
shopify_JP_9460246675706_50470630752506	Wellington for ukulele Clear ver. ウェリントン Brown×Choco（PVC×革）｜定番カラー（全長約101cm）
shopify_JP_9460246675706_50470630785274	Wellington for ukulele Clear ver. ウェリントン Brown×Choco（PVC×革）｜定番カラー（全長約105cm）
shopify_JP_9460246675706_50470630818042	Wellington for ukulele Clear ver. ウェリントン Brown×Choco（PVC×革）｜定番カラー（全長約109cm）
shopify_JP_9460246675706_50470630850810	Wellington for ukulele Clear ver. ウェリントン Brown×Choco（PVC×革）｜定番カラー（全長約113cm）
shopify_JP_9460310049018_50470814613754	kolmio for ukulele コルミオ Black｜定番カラー（全長約97cm）
shopify_JP_9460310049018_50470814646522	kolmio for ukulele コルミオ Black｜定番カラー（全長約69cm）
shopify_JP_9460310049018_50470814679290	kolmio for ukulele コルミオ Black｜定番カラー（全長約76cm）
shopify_JP_9460310049018_50470814712058	kolmio for ukulele コルミオ Black｜定番カラー（全長約83cm）
shopify_JP_9460310049018_50470814744826	kolmio for ukulele コルミオ Black｜定番カラー（全長約90cm）
shopify_JP_9460310049018_50470814777594	kolmio for ukulele コルミオ Black｜定番カラー（全長約104cm）
shopify_JP_9460310049018_50470814810362	kolmio for ukulele コルミオ Black｜定番カラー（全長約111cm）
shopify_JP_9460310049018_50470814843130	kolmio for ukulele コルミオ Black｜定番カラー（全長約118cm）
shopify_JP_9460310049018_50470814875898	kolmio for ukulele コルミオ Black｜定番カラー（全長約125cm）
shopify_JP_9460310049018_50470814908666	kolmio for ukulele コルミオ Black｜定番カラー（全長約132cm）
shopify_JP_9460310049018_50470814941434	kolmio for ukulele コルミオ Black｜定番カラー（全長約139cm）
shopify_JP_9460310049018_50470814974202	kolmio for ukulele コルミオ Black｜定番カラー（全長約146cm）
shopify_JP_9460310049018_50470815006970	kolmio for ukulele コルミオ Black｜定番カラー（全長約153cm）
shopify_JP_9460310114554_50470815531258	kolmio for ukulele コルミオ Natural｜定番カラー（全長約97cm）
shopify_JP_9460310114554_50470815564026	kolmio for ukulele コルミオ Natural｜定番カラー（全長約69cm）
shopify_JP_9460310114554_50470815596794	kolmio for ukulele コルミオ Natural｜定番カラー（全長約76cm）
shopify_JP_9460310114554_50470815629562	kolmio for ukulele コルミオ Natural｜定番カラー（全長約83cm）
shopify_JP_9460310114554_50470815662330	kolmio for ukulele コルミオ Natural｜定番カラー（全長約90cm）
shopify_JP_9460310114554_50470815695098	kolmio for ukulele コルミオ Natural｜定番カラー（全長約104cm）
shopify_JP_9460310114554_50470815727866	kolmio for ukulele コルミオ Natural｜定番カラー（全長約111cm）
shopify_JP_9460310114554_50470815760634	kolmio for ukulele コルミオ Natural｜定番カラー（全長約118cm）
shopify_JP_9460310114554_50470815793402	kolmio for ukulele コルミオ Natural｜定番カラー（全長約125cm）
shopify_JP_9460310114554_50470815826170	kolmio for ukulele コルミオ Natural｜定番カラー（全長約132cm）
shopify_JP_9460310114554_50470815858938	kolmio for ukulele コルミオ Natural｜定番カラー（全長約139cm）
shopify_JP_9460310114554_50470815891706	kolmio for ukulele コルミオ Natural｜定番カラー（全長約146cm）
shopify_JP_9460310114554_50470815924474	kolmio for ukulele コルミオ Natural｜定番カラー（全長約153cm）
shopify_JP_9460310180090_50470816448762	kolmio for ukulele コルミオ Yellow｜定番カラー（全長約97cm）
shopify_JP_9460310180090_50470816481530	kolmio for ukulele コルミオ Yellow｜定番カラー（全長約69cm）
shopify_JP_9460310180090_50470816514298	kolmio for ukulele コルミオ Yellow｜定番カラー（全長約76cm）
shopify_JP_9460310180090_50470816547066	kolmio for ukulele コルミオ Yellow｜定番カラー（全長約83cm）
shopify_JP_9460310180090_50470816579834	kolmio for ukulele コルミオ Yellow｜定番カラー（全長約90cm）
shopify_JP_9460310180090_50470816612602	kolmio for ukulele コルミオ Yellow｜定番カラー（全長約104cm）
shopify_JP_9460310180090_50470816645370	kolmio for ukulele コルミオ Yellow｜定番カラー（全長約111cm）
shopify_JP_9460310180090_50470816678138	kolmio for ukulele コルミオ Yellow｜定番カラー（全長約118cm）
shopify_JP_9460310180090_50470816710906	kolmio for ukulele コルミオ Yellow｜定番カラー（全長約125cm）
shopify_JP_9460310180090_50470816743674	kolmio for ukulele コルミオ Yellow｜定番カラー（全長約132cm）
shopify_JP_9460310180090_50470816776442	kolmio for ukulele コルミオ Yellow｜定番カラー（全長約139cm）
shopify_JP_9460310180090_50470816809210	kolmio for ukulele コルミオ Yellow｜定番カラー（全長約146cm）
shopify_JP_9460310180090_50470816841978	kolmio for ukulele コルミオ Yellow｜定番カラー（全長約153cm）
shopify_JP_9460310245626_50470817366266	kolmio for ukulele コルミオ Wine Red｜定番カラー（全長約97cm）
shopify_JP_9460310245626_50470891847930	kolmio for ukulele コルミオ Wine Red｜定番カラー（全長約69cm）
shopify_JP_9460310245626_50470891880698	kolmio for ukulele コルミオ Wine Red｜定番カラー（全長約76cm）
shopify_JP_9460310245626_50470891913466	kolmio for ukulele コルミオ Wine Red｜定番カラー（全長約83cm）
shopify_JP_9460310245626_50470891946234	kolmio for ukulele コルミオ Wine Red｜定番カラー（全長約90cm）
shopify_JP_9460310245626_50470891979002	kolmio for ukulele コルミオ Wine Red｜定番カラー（全長約104cm）
shopify_JP_9460310245626_50470892011770	kolmio for ukulele コルミオ Wine Red｜定番カラー（全長約111cm）
shopify_JP_9460310245626_50470892044538	kolmio for ukulele コルミオ Wine Red｜定番カラー（全長約118cm）
shopify_JP_9460310245626_50470892077306	kolmio for ukulele コルミオ Wine Red｜定番カラー（全長約125cm）
shopify_JP_9460310245626_50470892110074	kolmio for ukulele コルミオ Wine Red｜定番カラー（全長約132cm）
shopify_JP_9460310245626_50470892142842	kolmio for ukulele コルミオ Wine Red｜定番カラー（全長約139cm）
shopify_JP_9460310245626_50470892175610	kolmio for ukulele コルミオ Wine Red｜定番カラー（全長約146cm）
shopify_JP_9460310245626_50470892208378	kolmio for ukulele コルミオ Wine Red｜定番カラー（全長約153cm）
